oligo_name,species,assembly,gene_id,transcript_id,src_type,ref_chr,ref_strand,ref_start,ref_end,revc,ref_seq,pam_seq,vcf_alias,vcf_var_id,mut_position,ref,new,ref_aa,alt_aa,mut_type,mutator,oligo_length,mseq
brca1_357654.9_ENST00000357654.9.ENSG00000012048.23_114_A>T_snv,homo sapiens,GRCh38,ENSG00000012048.23,ENST00000357654.9,cdna,,,114,121,0,ATGGATTT,,,,114,A,T,M,L,mis,snv,20,GGGAAATTGGATTTAAAGGG
brca1_357654.9_ENST00000357654.9.ENSG00000012048.23_114_A>G_snv,homo sapiens,GRCh38,ENSG00000012048.23,ENST00000357654.9,cdna,,,114,121,0,ATGGATTT,,,,114,A,G,M,V,mis,snv,20,GGGAAAGTGGATTTAAAGGG
brca1_357654.9_ENST00000357654.9.ENSG00000012048.23_114_A>C_snv,homo sapiens,GRCh38,ENSG00000012048.23,ENST00000357654.9,cdna,,,114,121,0,ATGGATTT,,,,114,A,C,M,L,mis,snv,20,GGGAAACTGGATTTAAAGGG
brca1_357654.9_ENST00000357654.9.ENSG00000012048.23_115_T>G_snv,homo sapiens,GRCh38,ENSG00000012048.23,ENST00000357654.9,cdna,,,114,121,0,ATGGATTT,,,,115,T,G,M,R,mis,snv,20,GGGAAAAGGGATTTAAAGGG
brca1_357654.9_ENST00000357654.9.ENSG00000012048.23_115_T>C_snv,homo sapiens,GRCh38,ENSG00000012048.23,ENST00000357654.9,cdna,,,114,121,0,ATGGATTT,,,,115,T,C,M,T,mis,snv,20,GGGAAAACGGATTTAAAGGG
brca1_357654.9_ENST00000357654.9.ENSG00000012048.23_115_T>A_snv,homo sapiens,GRCh38,ENSG00000012048.23,ENST00000357654.9,cdna,,,114,121,0,ATGGATTT,,,,115,T,A,M,K,mis,snv,20,GGGAAAAAGGATTTAAAGGG
brca1_357654.9_ENST00000357654.9.ENSG00000012048.23_116_G>T_snv,homo sapiens,GRCh38,ENSG00000012048.23,ENST00000357654.9,cdna,,,114,121,0,ATGGATTT,,,,116,G,T,M,I,mis,snv,20,GGGAAAATTGATTTAAAGGG
brca1_357654.9_ENST00000357654.9.ENSG00000012048.23_116_G>C_snv,homo sapiens,GRCh38,ENSG00000012048.23,ENST00000357654.9,cdna,,,114,121,0,ATGGATTT,,,,116,G,C,M,I,mis,snv,20,GGGAAAATCGATTTAAAGGG
brca1_357654.9_ENST00000357654.9.ENSG00000012048.23_116_G>A_snv,homo sapiens,GRCh38,ENSG00000012048.23,ENST00000357654.9,cdna,,,114,121,0,ATGGATTT,,,,116,G,A,M,I,mis,snv,20,GGGAAAATAGATTTAAAGGG
brca1_357654.9_ENST00000357654.9.ENSG00000012048.23_117_G>T_snv,homo sapiens,GRCh38,ENSG00000012048.23,ENST00000357654.9,cdna,,,114,121,0,ATGGATTT,,,,117,G,T,D,Y,mis,snv,20,GGGAAAATGTATTTAAAGGG
brca1_357654.9_ENST00000357654.9.ENSG00000012048.23_117_G>C_snv,homo sapiens,GRCh38,ENSG00000012048.23,ENST00000357654.9,cdna,,,114,121,0,ATGGATTT,,,,117,G,C,D,H,mis,snv,20,GGGAAAATGCATTTAAAGGG
brca1_357654.9_ENST00000357654.9.ENSG00000012048.23_117_G>A_snv,homo sapiens,GRCh38,ENSG00000012048.23,ENST00000357654.9,cdna,,,114,121,0,ATGGATTT,,,,117,G,A,D,N,mis,snv,20,GGGAAAATGAATTTAAAGGG
brca1_357654.9_ENST00000357654.9.ENSG00000012048.23_118_A>T_snv,homo sapiens,GRCh38,ENSG00000012048.23,ENST00000357654.9,cdna,,,114,121,0,ATGGATTT,,,,118,A,T,D,V,mis,snv,20,GGGAAAATGGTTTTAAAGGG
brca1_357654.9_ENST00000357654.9.ENSG00000012048.23_118_A>G_snv,homo sapiens,GRCh38,ENSG00000012048.23,ENST00000357654.9,cdna,,,114,121,0,ATGGATTT,,,,118,A,G,D,G,mis,snv,20,GGGAAAATGGGTTTAAAGGG
brca1_357654.9_ENST00000357654.9.ENSG00000012048.23_118_A>C_snv,homo sapiens,GRCh38,ENSG00000012048.23,ENST00000357654.9,cdna,,,114,121,0,ATGGATTT,,,,118,A,C,D,A,mis,snv,20,GGGAAAATGGCTTTAAAGGG
brca1_357654.9_ENST00000357654.9.ENSG00000012048.23_119_T>G_snv,homo sapiens,GRCh38,ENSG00000012048.23,ENST00000357654.9,cdna,,,114,121,0,ATGGATTT,,,,119,T,G,D,E,mis,snv,20,GGGAAAATGGAGTTAAAGGG
brca1_357654.9_ENST00000357654.9.ENSG00000012048.23_119_T>C_snv,homo sapiens,GRCh38,ENSG00000012048.23,ENST00000357654.9,cdna,,,114,121,0,ATGGATTT,,,,119,T,C,D,D,syn,snv,20,GGGAAAATGGACTTAAAGGG
brca1_357654.9_ENST00000357654.9.ENSG00000012048.23_119_T>A_snv,homo sapiens,GRCh38,ENSG00000012048.23,ENST00000357654.9,cdna,,,114,121,0,ATGGATTT,,,,119,T,A,D,E,mis,snv,20,GGGAAAATGGAATTAAAGGG
brca1_357654.9_ENST00000357654.9.ENSG00000012048.23_120_T>G_snv,homo sapiens,GRCh38,ENSG00000012048.23,ENST00000357654.9,cdna,,,114,121,0,ATGGATTT,,,,120,T,G,L,V,mis,snv,20,GGGAAAATGGATGTAAAGGG
brca1_357654.9_ENST00000357654.9.ENSG00000012048.23_120_T>C_snv,homo sapiens,GRCh38,ENSG00000012048.23,ENST00000357654.9,cdna,,,114,121,0,ATGGATTT,,,,120,T,C,L,L,syn,snv,20,GGGAAAATGGATCTAAAGGG
brca1_357654.9_ENST00000357654.9.ENSG00000012048.23_120_T>A_snv,homo sapiens,GRCh38,ENSG00000012048.23,ENST00000357654.9,cdna,,,114,121,0,ATGGATTT,,,,120,T,A,L,I,mis,snv,20,GGGAAAATGGATATAAAGGG
brca1_357654.9_ENST00000357654.9.ENSG00000012048.23_121_T>G_snv,homo sapiens,GRCh38,ENSG00000012048.23,ENST00000357654.9,cdna,,,114,121,0,ATGGATTT,,,,121,T,G,L,STOP,non,snv,20,GGGAAAATGGATTGAAAGGG
brca1_357654.9_ENST00000357654.9.ENSG00000012048.23_121_T>C_snv,homo sapiens,GRCh38,ENSG00000012048.23,ENST00000357654.9,cdna,,,114,121,0,ATGGATTT,,,,121,T,C,L,S,mis,snv,20,GGGAAAATGGATTCAAAGGG
brca1_357654.9_ENST00000357654.9.ENSG00000012048.23_121_T>A_snv,homo sapiens,GRCh38,ENSG00000012048.23,ENST00000357654.9,cdna,,,114,121,0,ATGGATTT,,,,121,T,A,L,STOP,non,snv,20,GGGAAAATGGATTAAAAGGG
brca1_357654.9_ENST00000357654.9.ENSG00000012048.23_114_115_2del0,homo sapiens,GRCh38,ENSG00000012048.23,ENST00000357654.9,cdna,,,114,121,0,ATGGATTT,,,,114,AT,,,,,2del0,18,GGGAAAGGATTTAAAGGG
brca1_357654.9_ENST00000357654.9.ENSG00000012048.23_116_117_2del0,homo sapiens,GRCh38,ENSG00000012048.23,ENST00000357654.9,cdna,,,114,121,0,ATGGATTT,,,,116,GG,,,,,2del0,18,GGGAAAATATTTAAAGGG
brca1_357654.9_ENST00000357654.9.ENSG00000012048.23_118_119_2del0,homo sapiens,GRCh38,ENSG00000012048.23,ENST00000357654.9,cdna,,,114,121,0,ATGGATTT,,,,118,AT,,,,,2del0,18,GGGAAAATGGTTAAAGGG
brca1_357654.9_ENST00000357654.9.ENSG00000012048.23_120_121_2del0,homo sapiens,GRCh38,ENSG00000012048.23,ENST00000357654.9,cdna,,,114,121,0,ATGGATTT,,,,120,TT,,,,,2del0,18,GGGAAAATGGATAAAGGG
brca1_357654.9_ENST00000357654.9.ENSG00000012048.23_114_116_inframe,homo sapiens,GRCh38,ENSG00000012048.23,ENST00000357654.9,cdna,,,114,121,0,ATGGATTT,,,,114,ATG,,,,,inframe,17,GGGAAAGATTTAAAGGG
brca1_357654.9_ENST00000357654.9.ENSG00000012048.23_117_119_inframe,homo sapiens,GRCh38,ENSG00000012048.23,ENST00000357654.9,cdna,,,114,121,0,ATGGATTT,,,,117,GAT,,,,,inframe,17,GGGAAAATGTTAAAGGG
brca1_357654.9_ENST00000357654.9.ENSG00000012048.23_115_116_2del1,homo sapiens,GRCh38,ENSG00000012048.23,ENST00000357654.9,cdna,,,114,121,0,ATGGATTT,,,,115,TG,,,,,2del1,18,GGGAAAAGATTTAAAGGG
brca1_357654.9_ENST00000357654.9.ENSG00000012048.23_117_118_2del1,homo sapiens,GRCh38,ENSG00000012048.23,ENST00000357654.9,cdna,,,114,121,0,ATGGATTT,,,,117,GA,,,,,2del1,18,GGGAAAATGTTTAAAGGG
brca1_357654.9_ENST00000357654.9.ENSG00000012048.23_119_120_2del1,homo sapiens,GRCh38,ENSG00000012048.23,ENST00000357654.9,cdna,,,114,121,0,ATGGATTT,,,,119,TT,,,,,2del1,18,GGGAAAATGGATAAAGGG
brca1_357654.9_ENST00000357654.9.ENSG00000012048.23_114_1del,homo sapiens,GRCh38,ENSG00000012048.23,ENST00000357654.9,cdna,,,114,121,0,ATGGATTT,,,,114,A,,,,,1del,19,GGGAAATGGATTTAAAGGG
brca1_357654.9_ENST00000357654.9.ENSG00000012048.23_115_1del,homo sapiens,GRCh38,ENSG00000012048.23,ENST00000357654.9,cdna,,,114,121,0,ATGGATTT,,,,115,T,,,,,1del,19,GGGAAAAGGATTTAAAGGG
brca1_357654.9_ENST00000357654.9.ENSG00000012048.23_116_1del,homo sapiens,GRCh38,ENSG00000012048.23,ENST00000357654.9,cdna,,,114,121,0,ATGGATTT,,,,116,G,,,,,1del,19,GGGAAAATGATTTAAAGGG
brca1_357654.9_ENST00000357654.9.ENSG00000012048.23_117_1del,homo sapiens,GRCh38,ENSG00000012048.23,ENST00000357654.9,cdna,,,114,121,0,ATGGATTT,,,,117,G,,,,,1del,19,GGGAAAATGATTTAAAGGG
brca1_357654.9_ENST00000357654.9.ENSG00000012048.23_118_1del,homo sapiens,GRCh38,ENSG00000012048.23,ENST00000357654.9,cdna,,,114,121,0,ATGGATTT,,,,118,A,,,,,1del,19,GGGAAAATGGTTTAAAGGG
brca1_357654.9_ENST00000357654.9.ENSG00000012048.23_119_1del,homo sapiens,GRCh38,ENSG00000012048.23,ENST00000357654.9,cdna,,,114,121,0,ATGGATTT,,,,119,T,,,,,1del,19,GGGAAAATGGATTAAAGGG
brca1_357654.9_ENST00000357654.9.ENSG00000012048.23_120_1del,homo sapiens,GRCh38,ENSG00000012048.23,ENST00000357654.9,cdna,,,114,121,0,ATGGATTT,,,,120,T,,,,,1del,19,GGGAAAATGGATTAAAGGG
brca1_357654.9_ENST00000357654.9.ENSG00000012048.23_121_1del,homo sapiens,GRCh38,ENSG00000012048.23,ENST00000357654.9,cdna,,,114,121,0,ATGGATTT,,,,121,T,,,,,1del,19,GGGAAAATGGATTAAAGGG
brca1_357654.9_ENST00000357654.9.ENSG00000012048.23_114_116_ATG>GCC_ala,homo sapiens,GRCh38,ENSG00000012048.23,ENST00000357654.9,cdna,,,114,121,0,ATGGATTT,,,,114,ATG,GCC,M,A,,ala,20,GGGAAAGCCGATTTAAAGGG
brca1_357654.9_ENST00000357654.9.ENSG00000012048.23_117_119_GAT>GCC_ala,homo sapiens,GRCh38,ENSG00000012048.23,ENST00000357654.9,cdna,,,114,121,0,ATGGATTT,,,,117,GAT,GCC,D,A,,ala,20,GGGAAAATGGCCTTAAAGGG
brca1_357654.9_ENST00000357654.9.ENSG00000012048.23_114_116_ATG>TGA_stop,homo sapiens,GRCh38,ENSG00000012048.23,ENST00000357654.9,cdna,,,114,121,0,ATGGATTT,,,,114,ATG,TGA,M,STOP,,stop,20,GGGAAATGAGATTTAAAGGG
brca1_357654.9_ENST00000357654.9.ENSG00000012048.23_117_119_GAT>TGA_stop,homo sapiens,GRCh38,ENSG00000012048.23,ENST00000357654.9,cdna,,,114,121,0,ATGGATTT,,,,117,GAT,TGA,D,STOP,,stop,20,GGGAAAATGTGATTAAAGGG
brca1_357654.9_ENST00000357654.9.ENSG00000012048.23_114_116_ATG>ATC_aa,homo sapiens,GRCh38,ENSG00000012048.23,ENST00000357654.9,cdna,,,114,121,0,ATGGATTT,,,,114,ATG,ATC,M,I,,aa,20,GGGAAAATCGATTTAAAGGG
brca1_357654.9_ENST00000357654.9.ENSG00000012048.23_114_116_ATG>ACC_aa,homo sapiens,GRCh38,ENSG00000012048.23,ENST00000357654.9,cdna,,,114,121,0,ATGGATTT,,,,114,ATG,ACC,M,T,,aa,20,GGGAAAACCGATTTAAAGGG
brca1_357654.9_ENST00000357654.9.ENSG00000012048.23_114_116_ATG>AAC_aa,homo sapiens,GRCh38,ENSG00000012048.23,ENST00000357654.9,cdna,,,114,121,0,ATGGATTT,,,,114,ATG,AAC,M,N,,aa,20,GGGAAAAACGATTTAAAGGG
brca1_357654.9_ENST00000357654.9.ENSG00000012048.23_114_116_ATG>AAG_aa,homo sapiens,GRCh38,ENSG00000012048.23,ENST00000357654.9,cdna,,,114,121,0,ATGGATTT,,,,114,ATG,AAG,M,K,,aa,20,GGGAAAAAGGATTTAAAGGG
brca1_357654.9_ENST00000357654.9.ENSG00000012048.23_114_116_ATG>AGC_aa,homo sapiens,GRCh38,ENSG00000012048.23,ENST00000357654.9,cdna,,,114,121,0,ATGGATTT,,,,114,ATG,AGC,M,S,,aa,20,GGGAAAAGCGATTTAAAGGG
brca1_357654.9_ENST00000357654.9.ENSG00000012048.23_114_116_ATG>CGG_aa,homo sapiens,GRCh38,ENSG00000012048.23,ENST00000357654.9,cdna,,,114,121,0,ATGGATTT,,,,114,ATG,CGG,M,R,,aa,20,GGGAAACGGGATTTAAAGGG
brca1_357654.9_ENST00000357654.9.ENSG00000012048.23_114_116_ATG>CTG_aa,homo sapiens,GRCh38,ENSG00000012048.23,ENST00000357654.9,cdna,,,114,121,0,ATGGATTT,,,,114,ATG,CTG,M,L,,aa,20,GGGAAACTGGATTTAAAGGG
brca1_357654.9_ENST00000357654.9.ENSG00000012048.23_114_116_ATG>CCC_aa,homo sapiens,GRCh38,ENSG00000012048.23,ENST00000357654.9,cdna,,,114,121,0,ATGGATTT,,,,114,ATG,CCC,M,P,,aa,20,GGGAAACCCGATTTAAAGGG
brca1_357654.9_ENST00000357654.9.ENSG00000012048.23_114_116_ATG>CAC_aa,homo sapiens,GRCh38,ENSG00000012048.23,ENST00000357654.9,cdna,,,114,121,0,ATGGATTT,,,,114,ATG,CAC,M,H,,aa,20,GGGAAACACGATTTAAAGGG
brca1_357654.9_ENST00000357654.9.ENSG00000012048.23_114_116_ATG>CAG_aa,homo sapiens,GRCh38,ENSG00000012048.23,ENST00000357654.9,cdna,,,114,121,0,ATGGATTT,,,,114,ATG,CAG,M,Q,,aa,20,GGGAAACAGGATTTAAAGGG
brca1_357654.9_ENST00000357654.9.ENSG00000012048.23_114_116_ATG>GTG_aa,homo sapiens,GRCh38,ENSG00000012048.23,ENST00000357654.9,cdna,,,114,121,0,ATGGATTT,,,,114,ATG,GTG,M,V,,aa,20,GGGAAAGTGGATTTAAAGGG
brca1_357654.9_ENST00000357654.9.ENSG00000012048.23_114_116_ATG>GCC_aa,homo sapiens,GRCh38,ENSG00000012048.23,ENST00000357654.9,cdna,,,114,121,0,ATGGATTT,,,,114,ATG,GCC,M,A,,aa,20,GGGAAAGCCGATTTAAAGGG
brca1_357654.9_ENST00000357654.9.ENSG00000012048.23_114_116_ATG>GAC_aa,homo sapiens,GRCh38,ENSG00000012048.23,ENST00000357654.9,cdna,,,114,121,0,ATGGATTT,,,,114,ATG,GAC,M,D,,aa,20,GGGAAAGACGATTTAAAGGG
brca1_357654.9_ENST00000357654.9.ENSG00000012048.23_114_116_ATG>GAG_aa,homo sapiens,GRCh38,ENSG00000012048.23,ENST00000357654.9,cdna,,,114,121,0,ATGGATTT,,,,114,ATG,GAG,M,E,,aa,20,GGGAAAGAGGATTTAAAGGG
brca1_357654.9_ENST00000357654.9.ENSG00000012048.23_114_116_ATG>GGC_aa,homo sapiens,GRCh38,ENSG00000012048.23,ENST00000357654.9,cdna,,,114,121,0,ATGGATTT,,,,114,ATG,GGC,M,G,,aa,20,GGGAAAGGCGATTTAAAGGG
brca1_357654.9_ENST00000357654.9.ENSG00000012048.23_114_116_ATG>TTC_aa,homo sapiens,GRCh38,ENSG00000012048.23,ENST00000357654.9,cdna,,,114,121,0,ATGGATTT,,,,114,ATG,TTC,M,F,,aa,20,GGGAAATTCGATTTAAAGGG
brca1_357654.9_ENST00000357654.9.ENSG00000012048.23_114_116_ATG>TAC_aa,homo sapiens,GRCh38,ENSG00000012048.23,ENST00000357654.9,cdna,,,114,121,0,ATGGATTT,,,,114,ATG,TAC,M,Y,,aa,20,GGGAAATACGATTTAAAGGG
brca1_357654.9_ENST00000357654.9.ENSG00000012048.23_114_116_ATG>TGC_aa,homo sapiens,GRCh38,ENSG00000012048.23,ENST00000357654.9,cdna,,,114,121,0,ATGGATTT,,,,114,ATG,TGC,M,C,,aa,20,GGGAAATGCGATTTAAAGGG
brca1_357654.9_ENST00000357654.9.ENSG00000012048.23_114_116_ATG>TGG_aa,homo sapiens,GRCh38,ENSG00000012048.23,ENST00000357654.9,cdna,,,114,121,0,ATGGATTT,,,,114,ATG,TGG,M,W,,aa,20,GGGAAATGGGATTTAAAGGG
brca1_357654.9_ENST00000357654.9.ENSG00000012048.23_117_119_GAT>ATC_aa,homo sapiens,GRCh38,ENSG00000012048.23,ENST00000357654.9,cdna,,,114,121,0,ATGGATTT,,,,117,GAT,ATC,D,I,,aa,20,GGGAAAATGATCTTAAAGGG
brca1_357654.9_ENST00000357654.9.ENSG00000012048.23_117_119_GAT>ATG_aa,homo sapiens,GRCh38,ENSG00000012048.23,ENST00000357654.9,cdna,,,114,121,0,ATGGATTT,,,,117,GAT,ATG,D,M,,aa,20,GGGAAAATGATGTTAAAGGG
brca1_357654.9_ENST00000357654.9.ENSG00000012048.23_117_119_GAT>ACC_aa,homo sapiens,GRCh38,ENSG00000012048.23,ENST00000357654.9,cdna,,,114,121,0,ATGGATTT,,,,117,GAT,ACC,D,T,,aa,20,GGGAAAATGACCTTAAAGGG
brca1_357654.9_ENST00000357654.9.ENSG00000012048.23_117_119_GAT>AAC_aa,homo sapiens,GRCh38,ENSG00000012048.23,ENST00000357654.9,cdna,,,114,121,0,ATGGATTT,,,,117,GAT,AAC,D,N,,aa,20,GGGAAAATGAACTTAAAGGG
brca1_357654.9_ENST00000357654.9.ENSG00000012048.23_117_119_GAT>AAG_aa,homo sapiens,GRCh38,ENSG00000012048.23,ENST00000357654.9,cdna,,,114,121,0,ATGGATTT,,,,117,GAT,AAG,D,K,,aa,20,GGGAAAATGAAGTTAAAGGG
brca1_357654.9_ENST00000357654.9.ENSG00000012048.23_117_119_GAT>AGC_aa,homo sapiens,GRCh38,ENSG00000012048.23,ENST00000357654.9,cdna,,,114,121,0,ATGGATTT,,,,117,GAT,AGC,D,S,,aa,20,GGGAAAATGAGCTTAAAGGG
brca1_357654.9_ENST00000357654.9.ENSG00000012048.23_117_119_GAT>CGG_aa,homo sapiens,GRCh38,ENSG00000012048.23,ENST00000357654.9,cdna,,,114,121,0,ATGGATTT,,,,117,GAT,CGG,D,R,,aa,20,GGGAAAATGCGGTTAAAGGG
brca1_357654.9_ENST00000357654.9.ENSG00000012048.23_117_119_GAT>CTG_aa,homo sapiens,GRCh38,ENSG00000012048.23,ENST00000357654.9,cdna,,,114,121,0,ATGGATTT,,,,117,GAT,CTG,D,L,,aa,20,GGGAAAATGCTGTTAAAGGG
brca1_357654.9_ENST00000357654.9.ENSG00000012048.23_117_119_GAT>CCC_aa,homo sapiens,GRCh38,ENSG00000012048.23,ENST00000357654.9,cdna,,,114,121,0,ATGGATTT,,,,117,GAT,CCC,D,P,,aa,20,GGGAAAATGCCCTTAAAGGG
brca1_357654.9_ENST00000357654.9.ENSG00000012048.23_117_119_GAT>CAC_aa,homo sapiens,GRCh38,ENSG00000012048.23,ENST00000357654.9,cdna,,,114,121,0,ATGGATTT,,,,117,GAT,CAC,D,H,,aa,20,GGGAAAATGCACTTAAAGGG
brca1_357654.9_ENST00000357654.9.ENSG00000012048.23_117_119_GAT>CAG_aa,homo sapiens,GRCh38,ENSG00000012048.23,ENST00000357654.9,cdna,,,114,121,0,ATGGATTT,,,,117,GAT,CAG,D,Q,,aa,20,GGGAAAATGCAGTTAAAGGG
brca1_357654.9_ENST00000357654.9.ENSG00000012048.23_117_119_GAT>GTG_aa,homo sapiens,GRCh38,ENSG00000012048.23,ENST00000357654.9,cdna,,,114,121,0,ATGGATTT,,,,117,GAT,GTG,D,V,,aa,20,GGGAAAATGGTGTTAAAGGG
brca1_357654.9_ENST00000357654.9.ENSG00000012048.23_117_119_GAT>GCC_aa,homo sapiens,GRCh38,ENSG00000012048.23,ENST00000357654.9,cdna,,,114,121,0,ATGGATTT,,,,117,GAT,GCC,D,A,,aa,20,GGGAAAATGGCCTTAAAGGG
brca1_357654.9_ENST00000357654.9.ENSG00000012048.23_117_119_GAT>GAG_aa,homo sapiens,GRCh38,ENSG00000012048.23,ENST00000357654.9,cdna,,,114,121,0,ATGGATTT,,,,117,GAT,GAG,D,E,,aa,20,GGGAAAATGGAGTTAAAGGG
brca1_357654.9_ENST00000357654.9.ENSG00000012048.23_117_119_GAT>GGC_aa,homo sapiens,GRCh38,ENSG00000012048.23,ENST00000357654.9,cdna,,,114,121,0,ATGGATTT,,,,117,GAT,GGC,D,G,,aa,20,GGGAAAATGGGCTTAAAGGG
brca1_357654.9_ENST00000357654.9.ENSG00000012048.23_117_119_GAT>TTC_aa,homo sapiens,GRCh38,ENSG00000012048.23,ENST00000357654.9,cdna,,,114,121,0,ATGGATTT,,,,117,GAT,TTC,D,F,,aa,20,GGGAAAATGTTCTTAAAGGG
brca1_357654.9_ENST00000357654.9.ENSG00000012048.23_117_119_GAT>TAC_aa,homo sapiens,GRCh38,ENSG00000012048.23,ENST00000357654.9,cdna,,,114,121,0,ATGGATTT,,,,117,GAT,TAC,D,Y,,aa,20,GGGAAAATGTACTTAAAGGG
brca1_357654.9_ENST00000357654.9.ENSG00000012048.23_117_119_GAT>TGC_aa,homo sapiens,GRCh38,ENSG00000012048.23,ENST00000357654.9,cdna,,,114,121,0,ATGGATTT,,,,117,GAT,TGC,D,C,,aa,20,GGGAAAATGTGCTTAAAGGG
brca1_357654.9_ENST00000357654.9.ENSG00000012048.23_117_119_GAT>TGG_aa,homo sapiens,GRCh38,ENSG00000012048.23,ENST00000357654.9,cdna,,,114,121,0,ATGGATTT,,,,117,GAT,TGG,D,W,,aa,20,GGGAAAATGTGGTTAAAGGG
brca1_357654.9_ENST00000357654.9.ENSG00000012048.23_114_116_ATG>CTG_snvre,homo sapiens,GRCh38,ENSG00000012048.23,ENST00000357654.9,cdna,,,114,121,0,ATGGATTT,,,,114,ATG,CTG,M,L,mis,snvre,20,GGGAAACTGGATTTAAAGGG
brca1_357654.9_ENST00000357654.9.ENSG00000012048.23_114_116_ATG>GTC_snvre,homo sapiens,GRCh38,ENSG00000012048.23,ENST00000357654.9,cdna,,,114,121,0,ATGGATTT,,,,114,ATG,GTC,M,V,mis,snvre,20,GGGAAAGTCGATTTAAAGGG
brca1_357654.9_ENST00000357654.9.ENSG00000012048.23_114_116_ATG>CTC_snvre,homo sapiens,GRCh38,ENSG00000012048.23,ENST00000357654.9,cdna,,,114,121,0,ATGGATTT,,,,114,ATG,CTC,M,L,mis,snvre,20,GGGAAACTCGATTTAAAGGG
brca1_357654.9_ENST00000357654.9.ENSG00000012048.23_114_116_ATG>CGG_snvre,homo sapiens,GRCh38,ENSG00000012048.23,ENST00000357654.9,cdna,,,114,121,0,ATGGATTT,,,,114,ATG,CGG,M,R,mis,snvre,20,GGGAAACGGGATTTAAAGGG
brca1_357654.9_ENST00000357654.9.ENSG00000012048.23_114_116_ATG>ACC_snvre,homo sapiens,GRCh38,ENSG00000012048.23,ENST00000357654.9,cdna,,,114,121,0,ATGGATTT,,,,114,ATG,ACC,M,T,mis,snvre,20,GGGAAAACCGATTTAAAGGG
brca1_357654.9_ENST00000357654.9.ENSG00000012048.23_114_116_ATG>AAA_snvre,homo sapiens,GRCh38,ENSG00000012048.23,ENST00000357654.9,cdna,,,114,121,0,ATGGATTT,,,,114,ATG,AAA,M,K,mis,snvre,20,GGGAAAAAAGATTTAAAGGG
brca1_357654.9_ENST00000357654.9.ENSG00000012048.23_114_116_ATG>ATC_snvre,homo sapiens,GRCh38,ENSG00000012048.23,ENST00000357654.9,cdna,,,114,121,0,ATGGATTT,,,,114,ATG,ATC,M,I,mis,snvre,20,GGGAAAATCGATTTAAAGGG
brca1_357654.9_ENST00000357654.9.ENSG00000012048.23_114_116_ATG>ATT_snvre,homo sapiens,GRCh38,ENSG00000012048.23,ENST00000357654.9,cdna,,,114,121,0,ATGGATTT,,,,114,ATG,ATT,M,I,mis,snvre,20,GGGAAAATTGATTTAAAGGG
brca1_357654.9_ENST00000357654.9.ENSG00000012048.23_117_119_GAT>TAC_snvre,homo sapiens,GRCh38,ENSG00000012048.23,ENST00000357654.9,cdna,,,114,121,0,ATGGATTT,,,,117,GAT,TAC,D,Y,mis,snvre,20,GGGAAAATGTACTTAAAGGG
brca1_357654.9_ENST00000357654.9.ENSG00000012048.23_117_119_GAT>CAC_snvre,homo sapiens,GRCh38,ENSG00000012048.23,ENST00000357654.9,cdna,,,114,121,0,ATGGATTT,,,,117,GAT,CAC,D,H,mis,snvre,20,GGGAAAATGCACTTAAAGGG
brca1_357654.9_ENST00000357654.9.ENSG00000012048.23_117_119_GAT>AAC_snvre,homo sapiens,GRCh38,ENSG00000012048.23,ENST00000357654.9,cdna,,,114,121,0,ATGGATTT,,,,117,GAT,AAC,D,N,mis,snvre,20,GGGAAAATGAACTTAAAGGG
brca1_357654.9_ENST00000357654.9.ENSG00000012048.23_117_119_GAT>GTG_snvre,homo sapiens,GRCh38,ENSG00000012048.23,ENST00000357654.9,cdna,,,114,121,0,ATGGATTT,,,,117,GAT,GTG,D,V,mis,snvre,20,GGGAAAATGGTGTTAAAGGG
brca1_357654.9_ENST00000357654.9.ENSG00000012048.23_117_119_GAT>GGC_snvre,homo sapiens,GRCh38,ENSG00000012048.23,ENST00000357654.9,cdna,,,114,121,0,ATGGATTT,,,,117,GAT,GGC,D,G,mis,snvre,20,GGGAAAATGGGCTTAAAGGG
brca1_357654.9_ENST00000357654.9.ENSG00000012048.23_117_119_GAT>GCC_snvre,homo sapiens,GRCh38,ENSG00000012048.23,ENST00000357654.9,cdna,,,114,121,0,ATGGATTT,,,,117,GAT,GCC,D,A,mis,snvre,20,GGGAAAATGGCCTTAAAGGG
brca1_357654.9_ENST00000357654.9.ENSG00000012048.23_117_119_GAT>GAA_snvre,homo sapiens,GRCh38,ENSG00000012048.23,ENST00000357654.9,cdna,,,114,121,0,ATGGATTT,,,,117,GAT,GAA,D,E,mis,snvre,20,GGGAAAATGGAATTAAAGGG
brca1_357654.9_ENST00000357654.9.ENSG00000012048.23_117_119_GAT>GAG_snvre,homo sapiens,GRCh38,ENSG00000012048.23,ENST00000357654.9,cdna,,,114,121,0,ATGGATTT,,,,117,GAT,GAG,D,E,mis,snvre,20,GGGAAAATGGAGTTAAAGGG
